player_id,dorsal,Player,position,Squad,MP,Starts,Min,Gls,Ast,CrdY,CrdR
4327,1,Nacerdine Drid,GK,Algeria,2,2,109,0,,0,0
4726,21,Larbi El Hadi,GK,Algeria,2,1,161,0,,0,0
4727,22,Mourad Amara,GK,Algeria,0,0,0,0,,0,0
4728,2,Mahmoud Guendouz ,DF,Algeria,3,3,270,0,,0,0
4729,4,Noureddine Kourichi,DF,Algeria,2,2,180,0,,0,0
4730,5,Abdellah Medjadi Liegeon,DF,Algeria,2,2,180,0,,0,0
4731,15,Abdelhamid Sadmi,DF,Algeria,0,0,0,0,,0,0
4732,16,Faouzi Mansouri,DF,Algeria,3,3,270,0,,1,0
4733,19,Mohamed Chaïb,DF,Algeria,0,0,0,0,,0,0
4734,20,Fodil Megharia,DF,Algeria,2,2,180,0,,0,0
4735,3,Fathi Chebel,MF,Algeria,0,0,0,0,,0,0
4736,6,Mohamed Kaci-Saïd,MF,Algeria,3,3,270,0,,0,0
4737,8,Karim Maroc,MF,Algeria,2,2,180,0,,0,0
4738,10,Lakhdar Belloumi,MF,Algeria,3,2,189,0,,0,0
4739,17,Fawzi Benkhalidi,MF,Algeria,0,0,0,0,,0,0
4740,18,Halim Benmabrouk,MF,Algeria,2,2,180,0,,0,0
4741,7,Salah Assad,FW,Algeria,2,2,157,0,,0,0
4742,9,Djamel Menad,FW,Algeria,2,1,123,0,,0,0
4743,11,Rabah Madjer,FW,Algeria,3,3,212,0,,1,0
4744,12,Tedj Bensaoula,FW,Algeria,1,0,23,0,,0,0
4745,13,Rachid Harkouk,FW,Algeria,2,1,148,0,,0,0
4746,14,Djamel Zidane,FW,Algeria,3,2,138,1,,0,0
3981,15,Luis Islas,GK,Argentina,0,0,0,0,,0,0
4338,18,Nery Pumpido,GK,Argentina,7,7,630,0,,2,0
4747,22,Héctor Zelada,GK,Argentina,0,0,0,0,,0,0
3990,10,Diego Maradona ,MF,Argentina,7,7,630,5,,1,0
4749,6,Daniel Passarella,DF,Argentina,0,0,0,0,,0,0
4750,8,Néstor Clausen,DF,Argentina,1,1,90,0,,0,0
4751,9,José Luis Cuciuffo,DF,Argentina,6,6,540,0,,1,0
4752,13,Oscar Garré,DF,Argentina,4,4,360,0,,2,0
4345,16,Julio Olarticoechea,DF,Argentina,7,3,369,0,,1,0
4348,2,Sergio Batista,MF,Argentina,7,7,531,0,,1,0
4753,3,Ricardo Bochini,MF,Argentina,1,0,6,0,,0,0
4754,4,Claudio Borghi,MF,Argentina,2,2,118,0,,0,0
4759,11,Jorge Valdano,FW,Argentina,7,7,630,4,,1,0
4755,12,Héctor Enrique,MF,Argentina,5,3,332,0,,1,0
4350,14,Ricardo Giusti,MF,Argentina,7,7,630,0,,1,0
4756,20,Carlos Tapia,MF,Argentina,2,0,33,0,,0,0
4757,21,Marcelo Trobbiani,MF,Argentina,1,0,1,0,,0,0
4758,1,Sergio Almirón,FW,Argentina,0,0,0,0,,0,0
4349,7,Jorge Burruchaga,MF,Argentina,7,7,607,2,,0,0
4748,5,José Luis Brown,DF,Argentina,7,7,630,1,,1,0
3984,19,Oscar Ruggeri,DF,Argentina,7,7,630,1,,0,0
4760,17,Pedro Pasculli,FW,Argentina,2,2,163,1,,0,0
4761,1,Jean-Marie Pfaff,GK,Belgium,7,7,720,0,,1,0
4762,12,Jacky Munaron,GK,Belgium,0,0,0,0,,0,0
4370,20,Gilbert Bodart,GK,Belgium,0,0,0,0,,0,0
4371,2,Eric Gerets,DF,Belgium,6,6,621,0,,0,0
4000,4,Michel de Wolf,DF,Belgium,2,2,180,0,,0,0
4763,5,Michel Renquin,DF,Belgium,5,5,428,0,,1,0
3999,13,Georges Grün,DF,Belgium,6,5,538,0,,1,0
4764,14,Leo Clijsters,DF,Belgium,2,0,46,0,,0,0
4765,19,Hugo Broos,DF,Belgium,3,2,219,0,,0,0
3511,3,Franky Van Der Elst,MF,Belgium,4,2,257,0,,1,0
4377,11,Jan Ceulemans ,MF,Belgium,7,7,720,3,,1,0
4767,7,René Vandereycken,MF,Belgium,2,2,180,0,,0,0
4379,16,Nico Claesen,FW,Belgium,7,6,661,3,,1,0
4768,10,Philippe Desmet,MF,Belgium,3,2,186,0,,0,0
4769,15,Leo Van Der Elst,MF,Belgium,3,0,82,0,,0,0
4378,22,Patrick Vervoort,MF,Belgium,5,5,540,0,,0,0
4771,17,Raymond Mommens,FW,Belgium,1,1,120,0,,0,0
3512,8,Enzo Scifo,MF,Belgium,7,7,639,2,,0,0
4373,21,Stéphane Demol,DF,Belgium,7,6,633,1,,1,0
4766,6,Franky Vercauteren,MF,Belgium,6,6,584,1,,0,0
4770,9,Erwin Vandenbergh,FW,Belgium,1,1,65,1,,0,0
4772,18,Daniel Veyt,FW,Belgium,5,5,501,1,,1,0
4390,9,Careca,FW,Brazil,5,5,480,5,,1,0
4773,1,Carlos,GK,Brazil,5,5,480,0,,0,0
4774,12,Paulo Vítor,GK,Brazil,0,0,0,0,,0,0
4775,22,Leão,GK,Brazil,0,0,0,0,,0,0
4776,2,Édson,DF,Brazil,2,2,99,0,,0,0
4777,3,Oscar,DF,Brazil,0,0,0,0,,0,0
4779,13,Josimar,DF,Brazil,3,3,300,2,,0,0
4784,18,Sócrates,MF,Brazil,5,5,435,2,,0,0
4780,14,Júlio César,DF,Brazil,5,5,480,0,,0,0
4384,16,Mauro Galvão,DF,Brazil,0,0,0,0,,0,0
2958,17,Branco,DF,Brazil,5,5,480,0,,1,0
4781,5,Falcão,MF,Brazil,2,0,93,0,,0,0
4782,6,Leo Júnior,MF,Brazil,5,5,438,0,,0,0
4783,10,Zico,MF,Brazil,3,0,95,0,,0,0
4385,15,Alemão,MF,Brazil,5,5,480,0,,0,0
4785,19,Elzo,MF,Brazil,5,5,480,0,,0,0
4786,20,Silas,MF,Brazil,2,0,48,0,,0,0
4387,21,Valdo,MF,Brazil,0,0,0,0,,0,0
4041,7,Müller,FW,Brazil,5,3,225,0,,0,0
4787,8,Casagrande,FW,Brazil,3,2,187,0,,0,0
4788,11,Edivaldo,FW,Brazil,0,0,0,0,,0,0
4778,4,Edinho ,DF,Brazil,5,5,480,1,,1,0
3532,1,Borislav Mihaylov,GK,Bulgaria,4,4,360,0,,0,0
4789,22,Iliya Valov,GK,Bulgaria,0,0,0,0,,0,0
4790,3,Nikolay Arabov,DF,Bulgaria,3,3,270,0,,1,0
4791,4,Petar Petrov,DF,Bulgaria,3,3,270,0,,0,0
4792,5,Georgi Dimitrov ,DF,Bulgaria,4,4,360,0,,0,0
4793,13,Aleksandar Markov,DF,Bulgaria,2,2,180,0,,1,0
4794,21,Iliya Dyakov,DF,Bulgaria,0,0,0,0,,0,0
4795,7,Bozhidar Iskrenov,MF,Bulgaria,3,2,130,0,,0,0
4796,8,Ayan Sadakov,MF,Bulgaria,4,4,360,0,,0,0
4797,10,Zhivko Gospodinov,MF,Bulgaria,3,3,253,0,,1,0
4799,12,Radoslav Zdravkov,MF,Bulgaria,4,3,290,0,,0,0
4800,14,Plamen Markov,MF,Bulgaria,1,1,90,0,,0,0
4801,15,Georgi Yordanov,MF,Bulgaria,2,2,180,0,,0,0
4802,17,Hristo Kolev,MF,Bulgaria,0,0,0,0,,0,0
4803,6,Andrey Zhelyazkov,FW,Bulgaria,3,1,140,0,,0,0
4804,9,Stoycho Mladenov,FW,Bulgaria,3,3,231,0,,0,0
4805,16,Vasil Dragolov,FW,Bulgaria,0,0,0,0,,0,0
4806,18,Boycho Velichkov,FW,Bulgaria,1,0,39,0,,0,0
4807,19,Atanas Pashev,FW,Bulgaria,1,1,69,0,,0,0
4808,20,Kostadin Kostadinov,FW,Bulgaria,3,1,161,0,,0,0
4798,11,Plamen Getov,MF,Bulgaria,4,4,295,1,,0,0
4052,2,Nasko Sirakov,FW,Bulgaria,4,3,282,1,,0,0
4809,1,Tino Lettieri,GK,Canada,2,2,180,0,,0,0
4810,21,Sven Habermann,GK,Canada,0,0,0,0,,0,0
4811,22,Paul Dolan,GK,Canada,1,1,90,0,,0,0
4812,2,Bob Lenarduzzi,DF,Canada,3,3,270,0,,1,0
4813,3,Bruce Wilson ,DF,Canada,3,3,220,0,,0,0
4814,5,Terry Moore,DF,Canada,0,0,0,0,,0,0
4815,6,Ian Bridge,DF,Canada,3,3,270,0,,0,0
4816,12,Randy Samuel,DF,Canada,3,3,270,0,,0,0
4817,19,Pasquale De Luca,DF,Canada,0,0,0,0,,0,0
4818,20,Colin Miller,DF,Canada,0,0,0,0,,0,0
4819,4,Randy Ragan,MF,Canada,3,3,270,0,,0,0
4820,8,Gerry Gray,MF,Canada,2,2,158,0,,0,0
4821,11,Mike Sweeney,MF,Canada,2,1,97,0,,1,1
4822,15,Paul James,MF,Canada,3,3,195,0,,0,0
4823,16,Greg Ion,MF,Canada,0,0,0,0,,0,0
4824,17,David Norman,MF,Canada,3,3,270,0,,0,0
4825,18,Jamie Lowery,MF,Canada,1,0,37,0,,0,0
4826,7,Carl Valentine,FW,Canada,3,3,270,0,,0,0
4827,9,Branko Šegota,FW,Canada,3,0,75,0,,0,0
4828,10,Igor Vrablic,FW,Canada,2,2,180,0,,0,0
4829,13,George Pakos,FW,Canada,1,0,22,0,,0,0
4830,14,Dale Mitchell,FW,Canada,1,1,90,0,,0,0
4848,10,Preben Elkjær,FW,Denmark,4,4,315,4,,0,0
4842,8,Jesper Olsen,MF,Denmark,4,3,229,3,,0,0
4831,1,Troels Rasmussen,GK,Denmark,2,2,180,0,,0,0
4832,16,Ole Qvist,GK,Denmark,0,0,0,0,,0,0
4833,22,Lars Høgh,GK,Denmark,2,2,180,0,,0,0
4834,2,John Sivebæk,DF,Denmark,2,1,107,0,,0,0
4835,3,Søren Busk,DF,Denmark,4,4,360,0,,0,0
4836,4,Morten Olsen ,DF,Denmark,4,4,360,0,,0,0
4837,5,Ivan Nielsen,DF,Denmark,3,3,270,0,,1,0
4838,17,Kent Nielsen,DF,Denmark,0,0,0,0,,0,0
4839,21,Henrik Andersen,DF,Denmark,3,3,239,0,,1,0
4841,7,Jan Mølby,MF,Denmark,4,1,155,0,,0,0
4843,9,Klaus Berggreen,MF,Denmark,3,3,270,0,,1,0
4844,12,Jens Jørn Bertelsen,MF,Denmark,3,3,236,0,,0,0
4845,13,Per Frimann,MF,Denmark,0,0,0,0,,0,0
4846,15,Frank Arnesen,MF,Denmark,3,3,250,0,,1,1
4847,20,Jan Bartram,MF,Denmark,0,0,0,0,,0,0
4849,14,Allan Simonsen,FW,Denmark,1,0,20,0,,0,0
4850,18,Flemming Christensen,FW,Denmark,0,0,0,0,,0,0
4840,6,Søren Lerby,MF,Denmark,4,4,360,1,,0,0
3627,11,Michael Laudrup,FW,Denmark,4,4,350,1,,0,0
4851,19,John Eriksen,FW,Denmark,2,0,76,1,,0,0
4501,10,Gary Lineker,FW,England,5,5,445,6,,0,0
4481,1,Peter Shilton,GK,England,5,5,450,0,,0,0
4482,13,Chris Woods,GK,England,0,0,0,0,,0,0
4852,22,Gary Bailey,GK,England,0,0,0,0,,0,0
4853,2,Gary M. Stevens,DF,England,5,5,450,0,,0,0
4854,3,Kenny Sansom,DF,England,5,5,450,0,,0,0
4855,5,Alvin Martin,DF,England,1,1,90,0,,1,0
4487,6,Terry Butcher,DF,England,5,5,450,0,,1,0
4856,12,Viv Anderson,DF,England,0,0,0,0,,0,0
4857,14,Terry Fenwick,DF,England,4,4,360,0,,3,0
4858,15,Gary A. Stevens,DF,England,2,0,48,0,,0,0
4859,4,Glenn Hoddle,MF,England,5,5,450,0,,0,0
4492,7,Bryan Robson ,MF,England,2,2,119,0,,0,0
4860,8,Ray Wilkins,MF,England,2,2,131,0,,1,1
4493,11,Chris Waddle,MF,England,4,2,207,0,,0,0
4861,16,Peter Reid,MF,England,3,3,215,0,,0,0
4499,17,Trevor Steven,MF,England,3,3,253,0,,0,0
4497,18,Steve Hodge,MF,England,5,3,331,0,,1,0
4862,9,Mark Hateley,FW,England,3,2,176,0,,1,0
4494,19,John Barnes,FW,England,1,0,17,0,,0,0
4863,21,Kerry Dixon,FW,England,1,0,5,0,,0,0
4500,20,Peter Beardsley,FW,England,4,3,254,1,,0,0
4875,10,Michel Platini ,MF,France,6,6,564,2,,0,0
4882,17,Jean-Pierre Papin,FW,France,4,4,345,2,,0,0
4884,19,Yannick Stopyra,FW,France,6,5,481,2,,0,0
4864,1,Joël Bats,GK,France,6,6,570,0,,0,0
4865,21,Philippe Bergeroo,GK,France,0,0,0,0,,0,0
4866,22,Albert Rust,GK,France,1,1,120,0,,0,0
4868,3,William Ayache,DF,France,4,4,360,0,,2,0
4869,4,Patrick Battiston,DF,France,7,7,690,0,,0,0
4870,5,Michel Bibard,DF,France,1,1,120,0,,0,0
4871,6,Maxime Bossis,DF,France,7,6,636,0,,0,0
4872,7,Yvon Le Roux,DF,France,1,1,54,0,,0,0
4873,8,Thierry Tusseau,DF,France,4,2,266,0,,0,0
4877,12,Alain Giresse,MF,France,6,6,506,0,,0,0
4880,15,Philippe Vercruysse,MF,France,3,1,147,0,,0,0
4881,16,Bruno Bellone,FW,France,4,2,222,0,,0,0
4885,20,Daniel Xuereb,FW,France,1,0,25,0,,0,0
4867,2,Manuel Amoros,DF,France,7,7,690,1,,1,0
4874,9,Luis Fernandez,MF,France,6,6,552,1,,2,0
4876,11,Jean-Marc Ferreri,MF,France,4,1,183,1,,0,0
4878,13,Bernard Genghini,MF,France,1,1,120,1,,0,0
4879,14,Jean Tigana,MF,France,7,7,652,1,,0,0
4883,18,Dominique Rocheteau,FW,France,4,3,287,1,,1,0
4886,1,Péter Disztl,GK,Hungary,2,2,180,0,,0,0
4887,18,József Szendrei,GK,Hungary,0,0,0,0,,0,0
4888,22,József Andrusch,GK,Hungary,1,1,90,0,,0,0
4889,2,Sándor Sallai,DF,Hungary,3,3,270,0,,0,0
4890,3,Antal Róth,DF,Hungary,3,2,165,0,,0,0
4891,4,József Varga,DF,Hungary,2,2,180,0,,0,0
4892,5,József Kardos,DF,Hungary,3,3,270,0,,0,0
4893,6,Imre Garaba,DF,Hungary,3,3,270,0,,0,0
4894,8,Antal Nagy ,DF,Hungary,3,2,196,0,,0,0
4895,12,József Csuhay,DF,Hungary,0,0,0,0,,0,0
4896,13,László Disztl,DF,Hungary,0,0,0,0,,0,0
4897,14,Zoltán Péter,DF,Hungary,1,1,61,0,,0,0
4899,15,Péter Hannich,MF,Hungary,1,1,45,0,,0,0
4900,16,József Nagy,MF,Hungary,0,0,0,0,,0,0
4901,17,Gy?z? Burcsa,MF,Hungary,2,1,105,0,,0,0
4902,19,György Bognár,MF,Hungary,3,2,206,0,,0,0
4903,21,Gyula Hajszán,MF,Hungary,0,0,0,0,,0,0
4904,7,József Kiprich,FW,Hungary,2,2,180,0,,0,0
4905,9,László Dajka,FW,Hungary,3,1,148,0,,0,0
4907,20,Kálmán Kovács,FW,Hungary,1,1,64,0,,0,0
4898,10,Lajos Détári,MF,Hungary,3,3,270,1,,0,0
4906,11,Márton Esterházy,FW,Hungary,3,3,270,1,,0,0
4908,1,Raad Hammoudi ,GK,Iraq,2,2,180,0,,1,0
4909,20,Fatah Nsaief,GK,Iraq,1,1,90,0,,0,0
4910,21,Ahmad Jassim,GK,Iraq,0,0,0,0,,0,0
4911,2,Maad Ibrahim,DF,Iraq,1,1,90,0,,0,0
4912,3,Khalil Allawi,DF,Iraq,3,3,270,0,,1,0
4913,4,Nadhim Shaker,DF,Iraq,3,3,270,0,,1,0
4914,5,Samir Shaker,DF,Iraq,2,2,180,0,,2,0
4915,13,Karim Allawi,DF,Iraq,0,0,0,0,,0,0
4916,19,Basim Qasim,DF,Iraq,2,1,100,0,,0,0
4917,22,Ghanim Oraibi,DF,Iraq,3,3,270,0,,0,0
4918,6,Ali Hussein Shihab,MF,Iraq,3,3,270,0,,0,0
4919,7,Haris Mohammed,MF,Iraq,2,2,156,0,,1,0
4920,12,Jamal Ali,MF,Iraq,0,0,0,0,,0,0
4921,14,Basil Gorgis,MF,Iraq,2,2,131,0,,1,1
4922,15,Natiq Hashim,MF,Iraq,3,3,239,0,,1,0
4923,16,Shaker Mahmoud,MF,Iraq,1,0,21,0,,0,0
4924,18,Ismail Mohammed Sharif,MF,Iraq,0,0,0,0,,0,0
4926,9,Karim Saddam,FW,Iraq,2,2,170,0,,1,0
4927,10,Hussein Saeed,FW,Iraq,1,1,90,0,,0,0
4928,11,Rahim Hameed,FW,Iraq,3,0,65,0,,0,0
4929,17,Anad Abid,FW,Iraq,1,1,69,0,,0,0
4925,8,Ahmed Radhi,FW,Iraq,3,3,270,1,,0,0
4942,18,Alessandro Altobelli,FW,Italy,4,4,360,4,,0,0
4930,1,Giovanni Galli,GK,Italy,4,4,360,0,,0,0
4931,12,Franco Tancredi,GK,Italy,0,0,0,0,,0,0
4503,22,Walter Zenga,GK,Italy,0,0,0,0,,0,0
3689,2,Giuseppe Bergomi,DF,Italy,3,3,270,0,,2,0
4932,3,Antonio Cabrini,DF,Italy,4,4,360,0,,1,0
4933,4,Fulvio Collovati,DF,Italy,1,1,90,0,,0,0
4934,5,Sebastiano Nela,DF,Italy,0,0,0,0,,0,0
4935,6,Gaetano Scirea ,DF,Italy,4,4,360,0,,1,0
4936,7,Roberto Tricella,DF,Italy,0,0,0,0,,0,0
4508,8,Pietro Vierchowod,DF,Italy,4,4,360,0,,1,0
4509,9,Carlo Ancelotti,MF,Italy,0,0,0,0,,0,0
4937,10,Salvatore Bagni,MF,Italy,4,4,336,0,,1,0
4938,11,Giuseppe Baresi,MF,Italy,3,1,73,0,,0,0
4510,13,Fernando De Napoli,MF,Italy,4,4,356,0,,1,0
4939,14,Antonio Di Gennaro,MF,Italy,4,3,315,0,,1,0
4940,15,Marco Tardelli,MF,Italy,0,0,0,0,,0,0
4941,16,Bruno Conti,FW,Italy,4,4,308,0,,0,0
4517,17,Gianluca Vialli,FW,Italy,4,0,88,0,,0,0
4943,19,Giuseppe Galderisi,FW,Italy,4,4,324,0,,0,0
4944,20,Paolo Rossi,FW,Italy,0,0,0,0,,0,0
4516,21,Aldo Serena,FW,Italy,0,0,0,0,,0,0
4949,3,Fernando Quirarte,DF,Mexico,5,5,480,2,,1,0
4945,1,Pablo Larios,GK,Mexico,5,5,480,0,,0,0
4946,12,Ignacio Rodríguez,GK,Mexico,0,0,0,0,,0,0
4947,20,Olaf Heredia,GK,Mexico,0,0,0,0,,0,0
4948,2,Mario Trejo,DF,Mexico,2,2,180,0,,1,0
4950,4,Armando Manzo,DF,Mexico,0,0,0,0,,0,0
4951,14,Felix Cruz,DF,Mexico,5,5,480,0,,0,0
4953,18,Rafael Amador,DF,Mexico,3,3,220,0,,0,0
4954,6,Carlos de los Cobos,MF,Mexico,3,1,179,0,,1,0
4955,7,Miguel España,MF,Mexico,5,3,355,0,,0,0
4956,8,Alejandro Domínguez,MF,Mexico,1,0,29,0,,0,0
4957,10,Tomás Boy ,MF,Mexico,5,5,324,0,,0,0
4958,13,Javier Aguirre,MF,Mexico,5,5,459,0,,1,1
4959,16,Carlos Muñoz,MF,Mexico,4,4,390,0,,1,0
4960,19,Javier Hernández Chicharo,MF,Mexico,0,0,0,0,,0,0
4962,5,Francisco Javier Cruz,FW,Mexico,4,0,89,0,,0,0
4149,11,Carlos Hermosillo,FW,Mexico,0,0,0,0,,0,0
4964,21,Cristóbal Ortega,FW,Mexico,0,0,0,0,,0,0
4952,17,Raúl Servín,DF,Mexico,5,5,480,1,,1,0
4961,22,Manuel Negrete,MF,Mexico,5,5,480,1,,1,0
4150,9,Hugo Sánchez,FW,Mexico,4,4,390,1,,3,0
4963,15,Luis Flores,FW,Mexico,3,3,244,1,,0,0
4985,17,Abderrazak Khairi,FW,Morocco,4,3,273,2,,1,0
4965,1,Ezzaki Badou ,GK,Morocco,4,4,360,0,,0,0
4966,12,Salahdine Hmied,GK,Morocco,0,0,0,0,,0,0
4967,22,Abdelfettah Mouddani,GK,Morocco,0,0,0,0,,0,0
4968,2,Labid Khalifa,DF,Morocco,4,4,360,0,,2,0
4969,3,Abdelmajid Lamriss,DF,Morocco,4,4,342,0,,1,0
4970,4,Mustapha El Biyaz,DF,Morocco,3,3,270,0,,0,0
4971,5,Noureddine Bouyahyaoui,DF,Morocco,4,4,360,0,,0,0
4972,14,Lahcen Ouadani,DF,Morocco,2,1,108,0,,0,0
4973,20,Abdellah Bidane,DF,Morocco,0,0,0,0,,0,0
4974,6,Abdelmajid Dolmy,MF,Morocco,4,4,360,0,,0,0
4336,7,Mustafa El Haddaoui,MF,Morocco,3,3,246,0,,0,0
4975,8,Aziz Bouderbala,MF,Morocco,4,4,360,0,,0,0
4976,10,Mohamed Timoumi,MF,Morocco,4,4,357,0,,1,0
4977,15,Mouncif El Haddaoui,MF,Morocco,0,0,0,0,,0,0
4978,16,Azzedine Amanallah,MF,Morocco,0,0,0,0,,0,0
4979,18,Mohammed Sahil,MF,Morocco,0,0,0,0,,0,0
4980,19,Fadel Jilal,MF,Morocco,0,0,0,0,,0,0
4981,21,Abdelaziz Souleimani,MF,Morocco,3,0,28,0,,0,0
4983,11,Mustafa Merry,FW,Morocco,2,2,176,0,,0,0
4984,13,Abdelfettah Rhiati,FW,Morocco,0,0,0,0,,0,0
4982,9,"Abdelkrim Merry ""Krimau""",FW,Morocco,4,4,360,1,,0,0
4986,1,Pat Jennings,GK,Northern Ireland,3,3,270,0,,0,0
4987,12,Jim Platt,GK,Northern Ireland,0,0,0,0,,0,0
4988,13,Philip Hughes,GK,Northern Ireland,0,0,0,0,,0,0
4989,2,Jimmy Nicholl,DF,Northern Ireland,3,3,270,0,,0,0
4990,3,Mal Donaghy,DF,Northern Ireland,3,3,270,0,,1,0
4991,4,John O'Neill,DF,Northern Ireland,3,3,270,0,,0,0
4992,5,Alan McDonald,DF,Northern Ireland,3,3,270,0,,0,0
4993,15,Nigel Worthington,DF,Northern Ireland,2,2,159,0,,1,0
4994,18,John McClelland,DF,Northern Ireland,0,0,0,0,,0,0
4995,6,David McCreery,MF,Northern Ireland,3,3,270,0,,0,0
4996,7,Steve Penney,MF,Northern Ireland,2,2,119,0,,0,0
4997,8,Sammy McIlroy ,MF,Northern Ireland,3,3,270,0,,1,0
4999,16,Paul Ramsey,MF,Northern Ireland,0,0,0,0,,0,0
5000,20,Bernard McNally,MF,Northern Ireland,0,0,0,0,,0,0
5001,21,David Campbell,MF,Northern Ireland,1,1,70,0,,0,0
5002,9,Jimmy Quinn,FW,Northern Ireland,0,0,0,0,,0,0
5003,11,Ian Stewart,FW,Northern Ireland,3,1,151,0,,0,0
5004,14,Gerry Armstrong,FW,Northern Ireland,1,0,20,0,,0,0
5006,19,Billy Hamilton,FW,Northern Ireland,3,1,135,0,,1,0
5007,22,Mark Caughey,FW,Northern Ireland,0,0,0,0,,0,0
4998,10,Norman Whiteside,MF,Northern Ireland,3,3,236,1,,1,0
5005,17,Colin Clarke,FW,Northern Ireland,3,2,190,1,,0,0
5019,8,Julio César Romero,MF,Paraguay,4,4,360,2,,1,0
5023,9,Roberto Cabañas,FW,Paraguay,4,4,360,2,,0,0
5008,1,Roberto Fernández,GK,Paraguay,4,4,360,0,,0,0
5009,12,Jorge Battaglia,GK,Paraguay,0,0,0,0,,0,0
5010,22,Julián Coronel,GK,Paraguay,0,0,0,0,,0,0
5011,2,Juan Torales,DF,Paraguay,4,4,322,0,,0,0
5012,3,César Zabala,DF,Paraguay,4,4,360,0,,0,0
5013,4,Vladimiro Schettina,DF,Paraguay,3,3,270,0,,2,0
5014,5,Rogelio Delgado ,DF,Paraguay,4,4,360,0,,0,0
5015,13,Virginio Cáceres,DF,Paraguay,0,0,0,0,,0,0
5016,14,Luis Caballero,DF,Paraguay,0,0,0,0,,0,0
5017,6,Jorge Amado Nunes,MF,Paraguay,4,4,360,0,,1,0
5018,7,Buenaventura Ferreira,MF,Paraguay,4,4,360,0,,0,0
5020,10,Adolfino Cañete,MF,Paraguay,4,4,360,0,,0,0
5021,16,Jorge Guasch,MF,Paraguay,4,1,149,0,,0,0
5022,19,Rolando Chilavert,MF,Paraguay,0,0,0,0,,0,0
5024,11,Alfredo Mendoza,FW,Paraguay,4,4,305,0,,1,0
5025,15,Eufemio Cabral,FW,Paraguay,0,0,0,0,,0,0
5026,17,Francisco Alcaraz,FW,Paraguay,0,0,0,0,,0,0
5027,18,Evaristo Isasi,FW,Paraguay,0,0,0,0,,0,0
5028,20,Ramón Hicks,FW,Paraguay,2,0,34,0,,0,0
5029,21,Faustino Alonso,FW,Paraguay,0,0,0,0,,0,0
5030,1,Józef M?ynarczyk,GK,Poland,4,4,360,0,,0,0
5031,12,Jacek Kazimierski,GK,Poland,0,0,0,0,,0,0
5032,19,Józef Wandzik,GK,Poland,0,0,0,0,,0,0
5033,2,Kazimierz Przyby?,DF,Poland,2,1,103,0,,0,0
5034,3,W?adys?aw ?muda,DF,Poland,1,0,8,0,,0,0
5035,4,Marek Ostrowski,DF,Poland,4,4,360,0,,0,0
5036,5,Roman Wójcicki,DF,Poland,4,4,360,0,,1,0
5037,10,Stefan Majewski,DF,Poland,4,4,360,0,,0,0
5038,14,Dariusz Kubicki,DF,Poland,1,1,45,0,,0,0
5039,18,Krzysztof Pawlak,DF,Poland,2,2,180,0,,0,0
5040,6,Waldemar Matysik,MF,Poland,3,3,225,0,,0,0
5041,7,Ryszard Tarasiewicz,MF,Poland,1,1,90,0,,0,0
5042,9,Jan Kara?,MF,Poland,3,1,193,0,,0,0
5044,13,Ryszard Komornicki,MF,Poland,3,3,167,0,,0,0
5045,15,Andrzej Buncol,MF,Poland,2,1,135,0,,0,0
5046,16,Andrzej Pa?asz,MF,Poland,0,0,0,0,,0,0
5047,20,Zbigniew Boniek ,MF,Poland,4,4,360,0,,1,0
5048,8,Jan Urban,FW,Poland,4,3,297,0,,0,0
5049,17,Andrzej Zgutczy?ski,FW,Poland,1,0,17,0,,0,0
5050,21,Dariusz Dziekanowski,FW,Poland,4,4,325,0,,2,0
5051,22,Jan Furtok,FW,Poland,1,0,32,0,,0,0
5043,11,W?odzimierz Smolarek,MF,Poland,4,4,343,1,,1,0
5052,1,Manuel Bento ,GK,Portugal,1,1,90,0,,0,0
5053,12,Jorge Martins,GK,Portugal,0,0,0,0,,0,0
5054,22,Vítor Damas,GK,Portugal,2,2,180,0,,0,0
5055,2,João Pinto,DF,Portugal,0,0,0,0,,0,0
5056,5,Álvaro Magalhaes,DF,Portugal,3,3,234,0,,0,0
5057,8,Frederico,DF,Portugal,3,3,270,0,,0,0
5058,11,Fernando Bandeirinha,DF,Portugal,0,0,0,0,,0,0
5059,13,António Morato,DF,Portugal,0,0,0,0,,0,0
5060,15,António Oliveira,DF,Portugal,3,3,270,0,,0,0
5061,16,José António,DF,Portugal,1,0,9,0,,0,0
5062,18,Luís Sobrinho,DF,Portugal,0,0,0,0,,0,0
5063,20,Augusto Inácio,DF,Portugal,3,3,270,0,,0,0
5064,3,António Sousa,MF,Portugal,3,3,248,0,,0,0
5065,4,José Ribeiro,MF,Portugal,0,0,0,0,,0,0
5067,7,Jaime Pacheco,MF,Portugal,3,3,270,0,,1,0
5068,14,Jaime Magalhães,MF,Portugal,2,1,109,0,,0,0
5070,21,António André,MF,Portugal,2,2,161,0,,0,0
5071,9,Fernando Gomes,FW,Portugal,3,3,207,0,,1,0
5072,10,Paulo Futre,FW,Portugal,3,1,153,0,,0,0
5073,19,Rui Águas,FW,Portugal,1,0,36,0,,0,0
5066,6,Carlos Manuel,MF,Portugal,3,3,270,1,,0,0
5069,17,Diamantino,MF,Portugal,3,2,193,1,,0,0
3870,1,Jim Leighton,GK,Scotland,3,3,270,0,,0,0
4558,12,Andy Goram,GK,Scotland,0,0,0,0,,0,0
5074,22,Alan Rough,GK,Scotland,0,0,0,0,,0,0
4562,2,Richard Gough,DF,Scotland,3,3,270,0,,0,0
4563,3,Maurice Malpas,DF,Scotland,2,2,180,0,,1,0
4560,5,Alex McLeish,DF,Scotland,1,1,90,0,,0,0
5075,6,Willie Miller,DF,Scotland,3,3,270,0,,0,0
4561,8,Roy Aitken,DF,Scotland,3,3,270,0,,0,0
5076,13,Steve Nicol,DF,Scotland,3,3,218,0,,1,0
5077,14,David Narey,DF,Scotland,2,2,180,0,,1,0
5078,15,Arthur Albiston,DF,Scotland,1,1,90,0,,0,0
5079,4,Graeme Souness ,MF,Scotland,2,2,180,0,,0,0
5081,9,Eamonn Bannon,MF,Scotland,2,1,90,0,,1,0
4569,10,Jim Bett,MF,Scotland,0,0,0,0,,0,0
4568,11,Paul McStay,MF,Scotland,1,1,90,0,,0,0
5082,16,Frank McAvennie,FW,Scotland,2,0,61,0,,0,0
5083,17,Steve Archibald,FW,Scotland,1,1,90,0,,1,0
5084,18,Graeme Sharp,FW,Scotland,1,1,90,0,,0,0
5085,19,Charlie Nicholas,FW,Scotland,2,1,111,0,,0,0
5086,20,Paul Sturrock,FW,Scotland,2,2,129,0,,0,0
5087,21,Davie Cooper,FW,Scotland,2,0,38,0,,0,0
5080,7,Gordon Strachan,MF,Scotland,3,3,253,1,,0,0
5088,1,Cho Byung-deuk,GK,South Korea,0,0,0,0,,0,0
5089,21,Oh Yun-kyo,GK,South Korea,3,3,270,0,,0,0
4579,2,Park Kyung-hoon,DF,South Korea,3,3,270,0,,1,0
4583,3,Chung Jong-soo,DF,South Korea,1,0,45,0,,0,0
4582,5,Chung Yong-hwan,DF,South Korea,3,3,270,0,,0,0
5090,8,Cho Young-jeung,DF,South Korea,2,2,180,0,,2,0
5091,12,Kim Pyung-seok,DF,South Korea,1,1,22,0,,0,0
4584,14,Cho Min-kook,DF,South Korea,2,1,109,0,,0,0
5092,15,Yoo Byung-ok,DF,South Korea,0,0,0,0,,0,0
5093,4,Cho Kwang-rae,MF,South Korea,3,2,229,0,,0,0
4585,13,Noh Soo-jin,MF,South Korea,1,1,45,0,,0,0
4274,16,Kim Joo-sung,MF,South Korea,3,3,225,0,,2,0
5096,18,Kim Sam-soo,MF,South Korea,0,0,0,0,,0,0
5097,22,Kang Deuk-soo,MF,South Korea,0,0,0,0,,0,0
4588,6,Lee Tae-ho,FW,South Korea,0,0,0,0,,0,0
5099,11,Cha Bum-kun,FW,South Korea,3,3,270,0,,0,0
4590,19,Byun Byung-joo,FW,South Korea,3,2,204,0,,0,0
5100,20,Kim Yong-se,FW,South Korea,1,1,45,0,,0,0
5094,10,Park Chang-sun ,MF,South Korea,3,3,270,1,,1,0
5095,17,Huh Jung-moo,MF,South Korea,3,3,270,1,,1,0
5098,7,Kim Jong-boo,FW,South Korea,2,0,66,1,,0,0
4591,9,Choi Soon-ho,FW,South Korea,2,2,180,1,,0,0
5111,19,Igor Belanov,MF,Soviet Union,4,3,312,4,,1,0
4592,1,Rinat Dasayev,GK,Soviet Union,3,3,300,0,,0,0
4593,16,Viktor Chanov,GK,Soviet Union,1,1,90,0,,0,0
5101,22,Serhiy Krakovskiy,GK,Soviet Union,0,0,0,0,,0,0
4595,2,Volodymyr Bezsonov,DF,Soviet Union,3,3,300,0,,0,0
5102,3,Aleksandr Chivadze,DF,Soviet Union,0,0,0,0,,0,0
5103,4,Gennady Morozov,DF,Soviet Union,1,1,90,0,,0,0
4598,5,Anatoliy Demyanenko ,DF,Soviet Union,3,3,300,0,,0,0
5104,6,Aleksandr Bubnov,DF,Soviet Union,1,1,90,0,,0,0
4597,10,Oleh Kuznetsov,DF,Soviet Union,4,4,390,0,,0,0
5105,15,Nikolay Larionov,DF,Soviet Union,2,2,180,0,,0,0
5108,12,Andriy Bal,MF,Soviet Union,2,2,210,0,,0,0
5109,13,Gennadiy Litovchenko,MF,Soviet Union,1,1,90,0,,0,0
5110,17,Vadym Yevtushenko,MF,Soviet Union,3,1,151,0,,0,0
4605,7,Ivan Yaremchuk,MF,Soviet Union,3,3,300,1,,0,0
5106,8,Pavel Yakovenko,MF,Soviet Union,3,3,216,1,,0,0
5107,9,Aleksandr Zavarov,MF,Soviet Union,4,3,247,1,,0,0
4609,18,Oleh Protasov,FW,Soviet Union,1,1,56,0,,0,0
4602,20,Sergei Aleinikov,MF,Soviet Union,4,4,390,1,,0,0
5112,21,Vasiliy Rats,MF,Soviet Union,3,3,300,1,,1,0
5113,11,Oleg Blokhin,FW,Soviet Union,2,1,94,1,,0,0
5114,14,Sergey Rodionov,FW,Soviet Union,4,1,184,1,,0,0
4628,9,Emilio Butragueño,FW,Spain,5,5,435,5,,0,0
5128,18,Ramón Calderé,MF,Spain,4,3,337,2,,1,0
3922,1,Andoni Zubizarreta,GK,Spain,5,5,480,0,,0,0
5115,13,Urruti,GK,Spain,0,0,0,0,,0,0
4612,22,Juan Carlos Ablanedo,GK,Spain,0,0,0,0,,0,0
5116,2,Tomás,DF,Spain,5,5,405,0,,1,0
5117,3,José Antonio Camacho ,DF,Spain,5,5,480,0,,1,0
5118,4,Antonio Maceda,DF,Spain,1,1,90,0,,0,0
5119,6,Rafael Gordillo,DF,Spain,1,1,53,0,,0,0
5121,11,Julio Alberto,DF,Spain,3,3,300,0,,1,0
4614,15,Chendo,DF,Spain,1,1,120,0,,0,0
5122,5,Víctor,MF,Spain,5,5,480,0,,1,0
5124,10,Francisco José Carrasco,MF,Spain,0,0,0,0,,0,0
5125,12,Quique Setién,MF,Spain,0,0,0,0,,0,0
5126,14,Ricardo Gallego,MF,Spain,4,4,390,0,,0,0
5127,17,Francisco,MF,Spain,4,3,269,0,,0,0
5129,21,Míchel,MF,Spain,5,5,444,0,,1,0
5130,16,Hipólito Rincón,FW,Spain,0,0,0,0,,0,0
5120,8,Andoni Goikoetxea,DF,Spain,4,4,360,1,,2,0
5123,7,Juan Antonio Señor,MF,Spain,4,0,125,1,,0,0
4287,19,Julio Salinas,FW,Spain,5,5,364,1,,0,0
5131,20,Eloy,FW,Spain,3,0,148,1,,0,0
5132,1,Rodolfo Rodríguez,GK,Uruguay,0,0,0,0,,0,0
5133,12,Fernando Álvez,GK,Uruguay,4,4,360,0,,1,0
5134,22,Celso Otero,GK,Uruguay,0,0,0,0,,0,0
5135,2,Nelson Gutiérrez,DF,Uruguay,4,4,360,0,,0,0
5136,3,Eduardo Mario Acevedo,DF,Uruguay,4,4,330,0,,1,0
5137,4,Víctor Diogo,DF,Uruguay,3,3,270,0,,2,0
5138,6,José Batista,DF,Uruguay,3,3,180,0,,0,1
5139,13,César Vega,DF,Uruguay,0,0,0,0,,0,0
5140,14,Darío Pereyra,DF,Uruguay,2,2,180,0,,0,0
5141,15,Eliseo Rivero,DF,Uruguay,1,1,90,0,,0,0
5142,5,Miguel Bossio,MF,Uruguay,3,3,198,0,,1,1
5143,8,Jorge Barrios ,MF,Uruguay,3,3,235,0,,0,0
5144,11,Sergio Santín,MF,Uruguay,4,4,326,0,,1,0
5145,16,Mario Saralegui,MF,Uruguay,3,1,146,0,,1,0
5146,17,José Zalazar,MF,Uruguay,1,0,34,0,,0,0
5147,18,Rubén Paz,MF,Uruguay,1,0,30,0,,0,0
5148,9,Jorge da Silva,FW,Uruguay,3,2,225,0,,2,0
5149,19,Venancio Ramos,FW,Uruguay,4,2,204,0,,0,0
4700,20,Carlos Aguilera Nova,FW,Uruguay,0,0,0,0,,0,0
5150,21,Wilmar Cabrera,FW,Uruguay,2,2,135,0,,1,0
4696,7,Antonio Alzamendi,FW,Uruguay,3,2,142,1,,0,0
4697,10,Enzo Francescoli,FW,Uruguay,4,4,353,1,,1,0
4098,9,Rudi Völler,FW,West Germany,6,4,421,3,,0,0
5164,19,Klaus Allofs,FW,West Germany,7,7,615,2,,1,0
5151,1,Harald Schumacher,GK,West Germany,7,7,660,0,,0,0
5152,12,Uli Stein,GK,West Germany,0,0,0,0,,0,0
5153,22,Eike Immel,GK,West Germany,0,0,0,0,,0,0
5154,2,Hans-Peter Briegel,DF,West Germany,6,6,542,0,,1,0
5155,4,Karlheinz Förster,DF,West Germany,7,7,640,0,,1,0
5156,5,Matthias Herget,DF,West Germany,1,1,90,0,,0,0
5157,6,Norbert Eder,DF,West Germany,7,7,654,0,,1,0
4089,14,Thomas Berthold,DF,West Germany,6,6,514,0,,0,1
4703,15,Klaus Augenthaler,DF,West Germany,2,2,180,0,,0,0
5158,17,Ditmar Jakobs,DF,West Germany,6,5,508,0,,1,0
5159,10,Felix Magath,MF,West Germany,6,6,541,0,,1,0
5160,13,Karl Allgöwer,MF,West Germany,0,0,0,0,,0,0
3657,16,Olaf Thon,MF,West Germany,0,0,0,0,,0,0
5161,18,Uwe Rahn,MF,West Germany,0,0,0,0,,0,0
5162,21,Wolfgang Rolff,MF,West Germany,2,2,135,0,,0,0
4706,7,Pierre Littbarski,FW,West Germany,5,1,189,0,,0,0
4087,3,Andreas Brehme,DF,West Germany,5,5,435,1,,0,0
3658,8,Lothar Matthäus,MF,West Germany,7,7,639,1,,2,0
5163,11,Karl-Heinz Rummenigge ,FW,West Germany,7,4,349,1,,0,0
5165,20,Dieter Hoeneß,FW,West Germany,2,0,92,0,,0,0
